what,kind,bundleId,bundleVersion,description,time
activated,editor,org.eclipse.jdt.ui,3.7.0.v20110531-1200,"org.eclipse.jdt.ui.ClassFileEditor",1332323720478
activated,editor,org.eclipse.jdt.ui,3.7.0.v20110531-1200,"org.eclipse.jdt.ui.ClassFileEditor",1332323725828
closed,editor,org.eclipse.jdt.ui,3.7.0.v20110531-1200,"org.eclipse.jdt.ui.ClassFileEditor",1332323725829
activated,editor,org.eclipse.jdt.ui,3.7.0.v20110531-1200,"org.eclipse.jdt.ui.CompilationUnitEditor",1332323726656
opened,editor,org.eclipse.jdt.ui,3.7.0.v20110531-1200,"org.eclipse.jdt.ui.ClassFileEditor",1332323729437
activated,editor,org.eclipse.jdt.ui,3.7.0.v20110531-1200,"org.eclipse.jdt.ui.ClassFileEditor",1332323729503
activated,editor,org.eclipse.jdt.ui,3.7.0.v20110531-1200,"org.eclipse.jdt.ui.ClassFileEditor",1332323731888
activated,editor,org.eclipse.jdt.ui,3.7.0.v20110531-1200,"org.eclipse.jdt.ui.ClassFileEditor",1332323733292
closed,editor,org.eclipse.jdt.ui,3.7.0.v20110531-1200,"org.eclipse.jdt.ui.ClassFileEditor",1332323733292
deactivated,workbench,org.eclipse.ui.workbench,3.7.0.I20110519-0100,"",1332323736260
activated,workbench,org.eclipse.ui.workbench,3.7.0.I20110519-0100,"",1332323736361
deactivated,workbench,org.eclipse.ui.workbench,3.7.0.I20110519-0100,"",1332323736573
activated,workbench,org.eclipse.ui.workbench,3.7.0.I20110519-0100,"",1332323745212
opened,editor,org.eclipse.jdt.ui,3.7.0.v20110531-1200,"org.eclipse.jdt.ui.ClassFileEditor",1332323745260
activated,editor,org.eclipse.jdt.ui,3.7.0.v20110531-1200,"org.eclipse.jdt.ui.ClassFileEditor",1332323745321
activated,editor,org.eclipse.jdt.ui,3.7.0.v20110531-1200,"org.eclipse.jdt.ui.ClassFileEditor",1332323755377
opened,editor,org.eclipse.jdt.ui,3.7.0.v20110531-1200,"org.eclipse.jdt.ui.ClassFileEditor",1332323854265
activated,editor,org.eclipse.jdt.ui,3.7.0.v20110531-1200,"org.eclipse.jdt.ui.ClassFileEditor",1332323854313
activated,editor,org.eclipse.jdt.ui,3.7.0.v20110531-1200,"org.eclipse.jdt.ui.ClassFileEditor",1332323864415
closed,editor,org.eclipse.jdt.ui,3.7.0.v20110531-1200,"org.eclipse.jdt.ui.ClassFileEditor",1332323864415
activated,editor,org.eclipse.jdt.ui,3.7.0.v20110531-1200,"org.eclipse.jdt.ui.CompilationUnitEditor",1332323871056
activated,editor,org.eclipse.jdt.ui,3.7.0.v20110531-1200,"org.eclipse.jdt.ui.ClassFileEditor",1332323894028
activated,editor,org.eclipse.jdt.ui,3.7.0.v20110531-1200,"org.eclipse.jdt.ui.CompilationUnitEditor",1332323897075
closed,editor,org.eclipse.jdt.ui,3.7.0.v20110531-1200,"org.eclipse.jdt.ui.ClassFileEditor",1332323897075
activated,editor,org.eclipse.jdt.ui,3.7.0.v20110531-1200,"org.eclipse.jdt.ui.ClassFileEditor",1332323902660
activated,editor,org.eclipse.jdt.ui,3.7.0.v20110531-1200,"org.eclipse.jdt.ui.CompilationUnitEditor",1332323904581
closed,editor,org.eclipse.jdt.ui,3.7.0.v20110531-1200,"org.eclipse.jdt.ui.ClassFileEditor",1332323904581
activated,editor,org.eclipse.jdt.ui,3.7.0.v20110531-1200,"org.eclipse.jdt.ui.ClassFileEditor",1332323905515
activated,editor,org.eclipse.jdt.ui,3.7.0.v20110531-1200,"org.eclipse.jdt.ui.CompilationUnitEditor",1332323909154
closed,editor,org.eclipse.jdt.ui,3.7.0.v20110531-1200,"org.eclipse.jdt.ui.ClassFileEditor",1332323909154
activated,editor,org.eclipse.jdt.ui,3.7.0.v20110531-1200,"org.eclipse.jdt.ui.ClassFileEditor",1332323909962
activated,editor,org.eclipse.jdt.ui,3.7.0.v20110531-1200,"org.eclipse.jdt.ui.ClassFileEditor",1332323911363
activated,editor,org.eclipse.jdt.ui,3.7.0.v20110531-1200,"org.eclipse.jdt.ui.CompilationUnitEditor",1332323912733
activated,editor,org.eclipse.jdt.ui,3.7.0.v20110531-1200,"org.eclipse.jdt.ui.CompilationUnitEditor",1332323914700
opened,editor,org.eclipse.jdt.ui,3.7.0.v20110531-1200,"org.eclipse.jdt.ui.ClassFileEditor",1332323919223
activated,editor,org.eclipse.jdt.ui,3.7.0.v20110531-1200,"org.eclipse.jdt.ui.ClassFileEditor",1332323919293
activated,editor,org.eclipse.jdt.ui,3.7.0.v20110531-1200,"org.eclipse.jdt.ui.ClassFileEditor",1332323921874
activated,editor,org.eclipse.jdt.ui,3.7.0.v20110531-1200,"org.eclipse.jdt.ui.ClassFileEditor",1332323923785
activated,editor,org.eclipse.jdt.ui,3.7.0.v20110531-1200,"org.eclipse.jdt.ui.ClassFileEditor",1332323925022
activated,editor,org.eclipse.jdt.ui,3.7.0.v20110531-1200,"org.eclipse.jdt.ui.ClassFileEditor",1332323927224
activated,editor,org.eclipse.jdt.ui,3.7.0.v20110531-1200,"org.eclipse.jdt.ui.ClassFileEditor",1332323928164
opened,editor,org.eclipse.jdt.ui,3.7.0.v20110531-1200,"org.eclipse.jdt.ui.ClassFileEditor",1332323936176
activated,editor,org.eclipse.jdt.ui,3.7.0.v20110531-1200,"org.eclipse.jdt.ui.ClassFileEditor",1332323936221
deactivated,workbench,org.eclipse.ui.workbench,3.7.0.I20110519-0100,"",1332323938431
activated,workbench,org.eclipse.ui.workbench,3.7.0.I20110519-0100,"",1332323938571
opened,editor,org.eclipse.jdt.ui,3.7.0.v20110531-1200,"org.eclipse.jdt.ui.ClassFileEditor",1332323938705
activated,editor,org.eclipse.jdt.ui,3.7.0.v20110531-1200,"org.eclipse.jdt.ui.ClassFileEditor",1332323938752
opened,editor,org.eclipse.jdt.ui,3.7.0.v20110531-1200,"org.eclipse.jdt.ui.ClassFileEditor",1332323962412
activated,editor,org.eclipse.jdt.ui,3.7.0.v20110531-1200,"org.eclipse.jdt.ui.ClassFileEditor",1332323962469
activated,editor,org.eclipse.jdt.ui,3.7.0.v20110531-1200,"org.eclipse.jdt.ui.ClassFileEditor",1332323975662
executed,command,org.eclipse.ui,3.7.0.I20110602-0100,"org.eclipse.ui.navigate.backwardHistory",1332323975665
activated,editor,org.eclipse.jdt.ui,3.7.0.v20110531-1200,"org.eclipse.jdt.ui.ClassFileEditor",1332323991571
executed,command,org.eclipse.ui,3.7.0.I20110602-0100,"org.eclipse.ui.navigate.backwardHistory",1332324028982
activated,view,org.eclipse.jdt.ui,3.7.0.v20110531-1200,"org.eclipse.jdt.ui.PackageExplorer",1332324107730
activated,editor,org.eclipse.jdt.ui,3.7.0.v20110531-1200,"org.eclipse.jdt.ui.ClassFileEditor",1332324115297
activated,editor,org.eclipse.jdt.ui,3.7.0.v20110531-1200,"org.eclipse.jdt.ui.ClassFileEditor",1332324123517
closed,editor,org.eclipse.jdt.ui,3.7.0.v20110531-1200,"org.eclipse.jdt.ui.ClassFileEditor",1332324123517
activated,editor,org.eclipse.jdt.ui,3.7.0.v20110531-1200,"org.eclipse.jdt.ui.ClassFileEditor",1332324125229
closed,editor,org.eclipse.jdt.ui,3.7.0.v20110531-1200,"org.eclipse.jdt.ui.ClassFileEditor",1332324125229
activated,editor,org.eclipse.jdt.ui,3.7.0.v20110531-1200,"org.eclipse.jdt.ui.ClassFileEditor",1332324126572
activated,editor,org.eclipse.jdt.ui,3.7.0.v20110531-1200,"org.eclipse.jdt.ui.ClassFileEditor",1332324127043
activated,editor,org.eclipse.jdt.ui,3.7.0.v20110531-1200,"org.eclipse.jdt.ui.CompilationUnitEditor",1332324130455
activated,view,org.eclipse.jdt.ui,3.7.0.v20110531-1200,"org.eclipse.jdt.ui.PackageExplorer",1332324141245
opened,editor,org.eclipse.jdt.ui,3.7.0.v20110531-1200,"org.eclipse.jdt.ui.CompilationUnitEditor",1332324149513
activated,editor,org.eclipse.jdt.ui,3.7.0.v20110531-1200,"org.eclipse.jdt.ui.CompilationUnitEditor",1332324149569
activated,editor,org.eclipse.jdt.ui,3.7.0.v20110531-1200,"org.eclipse.jdt.ui.CompilationUnitEditor",1332324154566
closed,editor,org.eclipse.jdt.ui,3.7.0.v20110531-1200,"org.eclipse.jdt.ui.CompilationUnitEditor",1332324154567
activated,view,org.eclipse.jdt.ui,3.7.0.v20110531-1200,"org.eclipse.jdt.ui.PackageExplorer",1332324158297
opened,editor,org.eclipse.jdt.ui,3.7.0.v20110531-1200,"org.eclipse.jdt.ui.CompilationUnitEditor",1332324158613
activated,editor,org.eclipse.jdt.ui,3.7.0.v20110531-1200,"org.eclipse.jdt.ui.CompilationUnitEditor",1332324158668
activated,editor,org.eclipse.jdt.ui,3.7.0.v20110531-1200,"org.eclipse.jdt.ui.CompilationUnitEditor",1332324178041
closed,editor,org.eclipse.jdt.ui,3.7.0.v20110531-1200,"org.eclipse.jdt.ui.CompilationUnitEditor",1332324178041
activated,view,org.eclipse.jdt.ui,3.7.0.v20110531-1200,"org.eclipse.jdt.ui.PackageExplorer",1332324184308
opened,editor,org.eclipse.jdt.ui,3.7.0.v20110531-1200,"org.eclipse.jdt.ui.CompilationUnitEditor",1332324189686
activated,editor,org.eclipse.jdt.ui,3.7.0.v20110531-1200,"org.eclipse.jdt.ui.CompilationUnitEditor",1332324189758
activated,editor,org.eclipse.jdt.ui,3.7.0.v20110531-1200,"org.eclipse.jdt.ui.CompilationUnitEditor",1332324204862
closed,editor,org.eclipse.jdt.ui,3.7.0.v20110531-1200,"org.eclipse.jdt.ui.CompilationUnitEditor",1332324204862
activated,view,org.eclipse.jdt.ui,3.7.0.v20110531-1200,"org.eclipse.jdt.ui.PackageExplorer",1332324206230
opened,editor,org.eclipse.jdt.ui,3.7.0.v20110531-1200,"org.eclipse.jdt.ui.CompilationUnitEditor",1332324219514
activated,editor,org.eclipse.jdt.ui,3.7.0.v20110531-1200,"org.eclipse.jdt.ui.CompilationUnitEditor",1332324219578
activated,editor,org.eclipse.jdt.ui,3.7.0.v20110531-1200,"org.eclipse.jdt.ui.CompilationUnitEditor",1332324226878
closed,editor,org.eclipse.jdt.ui,3.7.0.v20110531-1200,"org.eclipse.jdt.ui.CompilationUnitEditor",1332324226878
activated,view,org.eclipse.jdt.ui,3.7.0.v20110531-1200,"org.eclipse.jdt.ui.PackageExplorer",1332324228211
opened,editor,org.eclipse.jdt.ui,3.7.0.v20110531-1200,"org.eclipse.jdt.ui.CompilationUnitEditor",1332324250372
activated,editor,org.eclipse.jdt.ui,3.7.0.v20110531-1200,"org.eclipse.jdt.ui.CompilationUnitEditor",1332324250451
activated,editor,org.eclipse.jdt.ui,3.7.0.v20110531-1200,"org.eclipse.jdt.ui.CompilationUnitEditor",1332324261452
closed,editor,org.eclipse.jdt.ui,3.7.0.v20110531-1200,"org.eclipse.jdt.ui.CompilationUnitEditor",1332324261452
activated,view,org.eclipse.jdt.ui,3.7.0.v20110531-1200,"org.eclipse.jdt.ui.PackageExplorer",1332324262769
opened,editor,org.eclipse.jdt.ui,3.7.0.v20110531-1200,"org.eclipse.jdt.ui.CompilationUnitEditor",1332324283312
activated,editor,org.eclipse.jdt.ui,3.7.0.v20110531-1200,"org.eclipse.jdt.ui.CompilationUnitEditor",1332324283370
opened,editor,org.eclipse.jdt.ui,3.7.0.v20110531-1200,"org.eclipse.jdt.ui.CompilationUnitEditor",1332324289087
activated,editor,org.eclipse.jdt.ui,3.7.0.v20110531-1200,"org.eclipse.jdt.ui.CompilationUnitEditor",1332324289134
activated,editor,org.eclipse.jdt.ui,3.7.0.v20110531-1200,"org.eclipse.jdt.ui.CompilationUnitEditor",1332324292082
closed,editor,org.eclipse.jdt.ui,3.7.0.v20110531-1200,"org.eclipse.jdt.ui.CompilationUnitEditor",1332324292082
activated,editor,org.eclipse.jdt.ui,3.7.0.v20110531-1200,"org.eclipse.jdt.ui.CompilationUnitEditor",1332324293772
closed,editor,org.eclipse.jdt.ui,3.7.0.v20110531-1200,"org.eclipse.jdt.ui.CompilationUnitEditor",1332324293772
activated,view,org.eclipse.jdt.ui,3.7.0.v20110531-1200,"org.eclipse.jdt.ui.PackageExplorer",1332324295591
activated,editor,org.eclipse.jdt.ui,3.7.0.v20110531-1200,"org.eclipse.jdt.ui.CompilationUnitEditor",1332324296730
deactivated,workbench,org.eclipse.ui.workbench,3.7.0.I20110519-0100,"",1332324298564
activated,workbench,org.eclipse.ui.workbench,3.7.0.I20110519-0100,"",1332324314488
opened,editor,org.eclipse.jdt.ui,3.7.0.v20110531-1200,"org.eclipse.jdt.ui.CompilationUnitEditor",1332324314557
activated,editor,org.eclipse.jdt.ui,3.7.0.v20110531-1200,"org.eclipse.jdt.ui.CompilationUnitEditor",1332324314607
executed,command,org.eclipse.jdt.ui,3.7.0.v20110531-1200,"org.eclipse.jdt.ui.navigate.open.type",1332324314625
activated,editor,org.eclipse.jdt.ui,3.7.0.v20110531-1200,"org.eclipse.jdt.ui.CompilationUnitEditor",1332324349930
closed,editor,org.eclipse.jdt.ui,3.7.0.v20110531-1200,"org.eclipse.jdt.ui.CompilationUnitEditor",1332324349930
activated,view,org.eclipse.jdt.ui,3.7.0.v20110531-1200,"org.eclipse.jdt.ui.PackageExplorer",1332324352202
opened,editor,org.eclipse.jdt.ui,3.7.0.v20110531-1200,"org.eclipse.jdt.ui.CompilationUnitEditor",1332324356352
activated,editor,org.eclipse.jdt.ui,3.7.0.v20110531-1200,"org.eclipse.jdt.ui.CompilationUnitEditor",1332324356432
executed,command,org.eclipse.ui,3.7.0.I20110602-0100,"org.eclipse.ui.navigate.backwardHistory",1332324356443
activated,view,org.eclipse.jdt.ui,3.7.0.v20110531-1200,"org.eclipse.jdt.ui.PackageExplorer",1332324362528
activated,editor,org.eclipse.jdt.ui,3.7.0.v20110531-1200,"org.eclipse.jdt.ui.CompilationUnitEditor",1332324376965
activated,view,org.eclipse.jdt.ui,3.7.0.v20110531-1200,"org.eclipse.jdt.ui.PackageExplorer",1332324385447
activated,editor,org.eclipse.jdt.ui,3.7.0.v20110531-1200,"org.eclipse.jdt.ui.CompilationUnitEditor",1332324427080
activated,view,org.eclipse.jdt.ui,3.7.0.v20110531-1200,"org.eclipse.jdt.ui.PackageExplorer",1332324428994
opened,editor,org.eclipse.ui.editors,3.7.0.v20110517-0800,"org.eclipse.ui.DefaultTextEditor",1332324437824
activated,editor,org.eclipse.ui.editors,3.7.0.v20110517-0800,"org.eclipse.ui.DefaultTextEditor",1332324437873
activated,editor,org.eclipse.jdt.ui,3.7.0.v20110531-1200,"org.eclipse.jdt.ui.CompilationUnitEditor",1332324451807
closed,editor,org.eclipse.ui.editors,3.7.0.v20110517-0800,"org.eclipse.ui.DefaultTextEditor",1332324451807
activated,view,org.eclipse.jdt.ui,3.7.0.v20110531-1200,"org.eclipse.jdt.ui.PackageExplorer",1332324453339
opened,editor,org.eclipse.jdt.ui,3.7.0.v20110531-1200,"org.eclipse.jdt.ui.CompilationUnitEditor",1332324487059
activated,editor,org.eclipse.jdt.ui,3.7.0.v20110531-1200,"org.eclipse.jdt.ui.CompilationUnitEditor",1332324487125
activated,editor,org.eclipse.jdt.ui,3.7.0.v20110531-1200,"org.eclipse.jdt.ui.CompilationUnitEditor",1332324499974
closed,editor,org.eclipse.jdt.ui,3.7.0.v20110531-1200,"org.eclipse.jdt.ui.CompilationUnitEditor",1332324499974
activated,view,org.eclipse.jdt.ui,3.7.0.v20110531-1200,"org.eclipse.jdt.ui.PackageExplorer",1332324501622
activated,editor,org.eclipse.jdt.ui,3.7.0.v20110531-1200,"org.eclipse.jdt.ui.CompilationUnitEditor",1332324515309
activated,view,org.eclipse.jdt.ui,3.7.0.v20110531-1200,"org.eclipse.jdt.ui.PackageExplorer",1332324516344
activated,editor,org.eclipse.jdt.ui,3.7.0.v20110531-1200,"org.eclipse.jdt.ui.ClassFileEditor",1332324518120
activated,editor,org.eclipse.jdt.ui,3.7.0.v20110531-1200,"org.eclipse.jdt.ui.CompilationUnitEditor",1332324518624
activated,editor,org.eclipse.jdt.ui,3.7.0.v20110531-1200,"org.eclipse.jdt.ui.ClassFileEditor",1332324527923
deactivated,workbench,org.eclipse.ui.workbench,3.7.0.I20110519-0100,"",1332324536222
activated,workbench,org.eclipse.ui.workbench,3.7.0.I20110519-0100,"",1332324536331
deactivated,workbench,org.eclipse.ui.workbench,3.7.0.I20110519-0100,"",1332324536531
activated,workbench,org.eclipse.ui.workbench,3.7.0.I20110519-0100,"",1332324540871
opened,editor,org.eclipse.jdt.ui,3.7.0.v20110531-1200,"org.eclipse.jdt.ui.ClassFileEditor",1332324540922
activated,editor,org.eclipse.jdt.ui,3.7.0.v20110531-1200,"org.eclipse.jdt.ui.ClassFileEditor",1332324540984
deactivated,workbench,org.eclipse.ui.workbench,3.7.0.I20110519-0100,"",1332324546942
activated,workbench,org.eclipse.ui.workbench,3.7.0.I20110519-0100,"",1332324547050
activated,editor,org.eclipse.jdt.ui,3.7.0.v20110531-1200,"org.eclipse.jdt.ui.ClassFileEditor",1332324547172
activated,view,org.eclipse.jdt.ui,3.7.0.v20110531-1200,"org.eclipse.jdt.ui.PackageExplorer",1332324555320
activated,editor,org.eclipse.jdt.ui,3.7.0.v20110531-1200,"org.eclipse.jdt.ui.ClassFileEditor",1332324563543
executed,command,org.eclipse.ui,3.7.0.I20110602-0100,"org.eclipse.ui.navigate.backwardHistory",1332324623294
activated,editor,org.eclipse.jdt.ui,3.7.0.v20110531-1200,"org.eclipse.jdt.ui.ClassFileEditor",1332324631174
deactivated,workbench,org.eclipse.ui.workbench,3.7.0.I20110519-0100,"",1332324637068
activated,workbench,org.eclipse.ui.workbench,3.7.0.I20110519-0100,"",1332324637160
opened,editor,org.eclipse.jdt.ui,3.7.0.v20110531-1200,"org.eclipse.jdt.ui.ClassFileEditor",1332324637295
activated,editor,org.eclipse.jdt.ui,3.7.0.v20110531-1200,"org.eclipse.jdt.ui.ClassFileEditor",1332324637343
opened,editor,org.eclipse.jdt.ui,3.7.0.v20110531-1200,"org.eclipse.jdt.ui.ClassFileEditor",1332324647018
activated,editor,org.eclipse.jdt.ui,3.7.0.v20110531-1200,"org.eclipse.jdt.ui.ClassFileEditor",1332324647076
activated,editor,org.eclipse.jdt.ui,3.7.0.v20110531-1200,"org.eclipse.jdt.ui.ClassFileEditor",1332324649389
executed,command,org.eclipse.ui,3.7.0.I20110602-0100,"org.eclipse.ui.navigate.backwardHistory",1332324649392
executed,command,org.eclipse.ui,3.7.0.I20110602-0100,"org.eclipse.ui.navigate.backwardHistory",1332324651600
deactivated,workbench,org.eclipse.ui.workbench,3.7.0.I20110519-0100,"",1332324654778
activated,workbench,org.eclipse.ui.workbench,3.7.0.I20110519-0100,"",1332324654937
activated,editor,org.eclipse.jdt.ui,3.7.0.v20110531-1200,"org.eclipse.jdt.ui.ClassFileEditor",1332324655062
opened,editor,org.eclipse.jdt.ui,3.7.0.v20110531-1200,"org.eclipse.jdt.ui.ClassFileEditor",1332324705492
activated,editor,org.eclipse.jdt.ui,3.7.0.v20110531-1200,"org.eclipse.jdt.ui.ClassFileEditor",1332324705559
deactivated,workbench,org.eclipse.ui.workbench,3.7.0.I20110519-0100,"",1332324712197
executed,command,org.eclipse.ui,3.7.0.I20110602-0100,"org.eclipse.ui.edit.findReplace",1332324712253
activated,workbench,org.eclipse.ui.workbench,3.7.0.I20110519-0100,"",1332324724722
activated,editor,org.eclipse.jdt.ui,3.7.0.v20110531-1200,"org.eclipse.jdt.ui.ClassFileEditor",1332324740876
deactivated,workbench,org.eclipse.ui.workbench,3.7.0.I20110519-0100,"",1332324749879
activated,workbench,org.eclipse.ui.workbench,3.7.0.I20110519-0100,"",1332324750014
deactivated,workbench,org.eclipse.ui.workbench,3.7.0.I20110519-0100,"",1332324750234
activated,workbench,org.eclipse.ui.workbench,3.7.0.I20110519-0100,"",1332324762609
opened,editor,org.eclipse.jdt.ui,3.7.0.v20110531-1200,"org.eclipse.jdt.ui.ClassFileEditor",1332324762653
activated,editor,org.eclipse.jdt.ui,3.7.0.v20110531-1200,"org.eclipse.jdt.ui.ClassFileEditor",1332324762703
activated,editor,org.eclipse.jdt.ui,3.7.0.v20110531-1200,"org.eclipse.jdt.ui.ClassFileEditor",1332324776205
closed,editor,org.eclipse.jdt.ui,3.7.0.v20110531-1200,"org.eclipse.jdt.ui.ClassFileEditor",1332324776205
deactivated,workbench,org.eclipse.ui.workbench,3.7.0.I20110519-0100,"",1332324778080
activated,workbench,org.eclipse.ui.workbench,3.7.0.I20110519-0100,"",1332324778181
deactivated,workbench,org.eclipse.ui.workbench,3.7.0.I20110519-0100,"",1332324778343
activated,workbench,org.eclipse.ui.workbench,3.7.0.I20110519-0100,"",1332324779344
opened,editor,org.eclipse.jdt.ui,3.7.0.v20110531-1200,"org.eclipse.jdt.ui.ClassFileEditor",1332324779398
activated,editor,org.eclipse.jdt.ui,3.7.0.v20110531-1200,"org.eclipse.jdt.ui.ClassFileEditor",1332324779457
executed,command,org.eclipse.ui,3.7.0.I20110602-0100,"org.eclipse.ui.navigate.backwardHistory",1332324805604
opened,editor,org.eclipse.jdt.ui,3.7.0.v20110531-1200,"org.eclipse.jdt.ui.ClassFileEditor",1332324850622
activated,editor,org.eclipse.jdt.ui,3.7.0.v20110531-1200,"org.eclipse.jdt.ui.ClassFileEditor",1332324850668
activated,editor,org.eclipse.jdt.ui,3.7.0.v20110531-1200,"org.eclipse.jdt.ui.ClassFileEditor",1332324890721
activated,editor,org.eclipse.jdt.ui,3.7.0.v20110531-1200,"org.eclipse.jdt.ui.ClassFileEditor",1332324894417
activated,editor,org.eclipse.jdt.ui,3.7.0.v20110531-1200,"org.eclipse.jdt.ui.ClassFileEditor",1332324895646
closed,editor,org.eclipse.jdt.ui,3.7.0.v20110531-1200,"org.eclipse.jdt.ui.ClassFileEditor",1332324895646
activated,editor,org.eclipse.jdt.ui,3.7.0.v20110531-1200,"org.eclipse.jdt.ui.ClassFileEditor",1332324899143
activated,editor,org.eclipse.jdt.ui,3.7.0.v20110531-1200,"org.eclipse.jdt.ui.ClassFileEditor",1332324900872
activated,editor,org.eclipse.jdt.ui,3.7.0.v20110531-1200,"org.eclipse.jdt.ui.ClassFileEditor",1332324932072
activated,editor,org.eclipse.jdt.ui,3.7.0.v20110531-1200,"org.eclipse.jdt.ui.ClassFileEditor",1332324934088
activated,editor,org.eclipse.jdt.ui,3.7.0.v20110531-1200,"org.eclipse.jdt.ui.ClassFileEditor",1332324934890
activated,editor,org.eclipse.jdt.ui,3.7.0.v20110531-1200,"org.eclipse.jdt.ui.ClassFileEditor",1332324948509
deactivated,workbench,org.eclipse.ui.workbench,3.7.0.I20110519-0100,"",1332324978124
activated,workbench,org.eclipse.ui.workbench,3.7.0.I20110519-0100,"",1332324991702
deactivated,workbench,org.eclipse.ui.workbench,3.7.0.I20110519-0100,"",1332325032263
activated,workbench,org.eclipse.ui.workbench,3.7.0.I20110519-0100,"",1332325033084
activated,view,org.eclipse.jdt.ui,3.7.0.v20110531-1200,"org.eclipse.jdt.ui.PackageExplorer",1332325070671
opened,editor,org.eclipse.jdt.ui,3.7.0.v20110531-1200,"org.eclipse.jdt.ui.CompilationUnitEditor",1332325071133
activated,editor,org.eclipse.jdt.ui,3.7.0.v20110531-1200,"org.eclipse.jdt.ui.CompilationUnitEditor",1332325071199
executed,command,org.eclipse.ui,3.7.0.I20110602-0100,"org.eclipse.ui.navigate.backwardHistory",1332325090548
activated,editor,org.eclipse.jdt.ui,3.7.0.v20110531-1200,"org.eclipse.jdt.ui.ClassFileEditor",1332325103942
closed,editor,org.eclipse.jdt.ui,3.7.0.v20110531-1200,"org.eclipse.jdt.ui.CompilationUnitEditor",1332325103942
activated,editor,org.eclipse.jdt.ui,3.7.0.v20110531-1200,"org.eclipse.jdt.ui.ClassFileEditor",1332325106250
activated,editor,org.eclipse.jdt.ui,3.7.0.v20110531-1200,"org.eclipse.jdt.ui.ClassFileEditor",1332325108266
activated,editor,org.eclipse.jdt.ui,3.7.0.v20110531-1200,"org.eclipse.jdt.ui.ClassFileEditor",1332325108785
activated,editor,org.eclipse.jdt.ui,3.7.0.v20110531-1200,"org.eclipse.jdt.ui.ClassFileEditor",1332325110073
activated,editor,org.eclipse.jdt.ui,3.7.0.v20110531-1200,"org.eclipse.jdt.ui.ClassFileEditor",1332325110994
opened,editor,org.eclipse.jdt.ui,3.7.0.v20110531-1200,"org.eclipse.jdt.ui.ClassFileEditor",1332325137550
activated,editor,org.eclipse.jdt.ui,3.7.0.v20110531-1200,"org.eclipse.jdt.ui.ClassFileEditor",1332325137596
activated,editor,org.eclipse.jdt.ui,3.7.0.v20110531-1200,"org.eclipse.jdt.ui.ClassFileEditor",1332325141268
executed,command,org.eclipse.ui,3.7.0.I20110602-0100,"org.eclipse.ui.navigate.backwardHistory",1332325141271
activated,editor,org.eclipse.jdt.ui,3.7.0.v20110531-1200,"org.eclipse.jdt.ui.ClassFileEditor",1332325143204
deactivated,workbench,org.eclipse.ui.workbench,3.7.0.I20110519-0100,"",1332325147342
activated,workbench,org.eclipse.ui.workbench,3.7.0.I20110519-0100,"",1332325147439
deactivated,workbench,org.eclipse.ui.workbench,3.7.0.I20110519-0100,"",1332325147608
activated,workbench,org.eclipse.ui.workbench,3.7.0.I20110519-0100,"",1332325155318
opened,editor,org.eclipse.jdt.ui,3.7.0.v20110531-1200,"org.eclipse.jdt.ui.ClassFileEditor",1332325155363
activated,editor,org.eclipse.jdt.ui,3.7.0.v20110531-1200,"org.eclipse.jdt.ui.ClassFileEditor",1332325155408
activated,editor,org.eclipse.jdt.ui,3.7.0.v20110531-1200,"org.eclipse.jdt.ui.ClassFileEditor",1332325159988
executed,command,org.eclipse.ui,3.7.0.I20110602-0100,"org.eclipse.ui.navigate.backwardHistory",1332325159990
deactivated,workbench,org.eclipse.ui.workbench,3.7.0.I20110519-0100,"",1332325163751
activated,workbench,org.eclipse.ui.workbench,3.7.0.I20110519-0100,"",1332325163838
deactivated,workbench,org.eclipse.ui.workbench,3.7.0.I20110519-0100,"",1332325164004
activated,workbench,org.eclipse.ui.workbench,3.7.0.I20110519-0100,"",1332325165174
opened,editor,org.eclipse.jdt.ui,3.7.0.v20110531-1200,"org.eclipse.jdt.ui.ClassFileEditor",1332325165223
activated,editor,org.eclipse.jdt.ui,3.7.0.v20110531-1200,"org.eclipse.jdt.ui.ClassFileEditor",1332325165273
deactivated,workbench,org.eclipse.ui.workbench,3.7.0.I20110519-0100,"",1332325204171
executed,command,org.eclipse.ui,3.7.0.I20110602-0100,"org.eclipse.ui.edit.findReplace",1332325204199
activated,workbench,org.eclipse.ui.workbench,3.7.0.I20110519-0100,"",1332325206267
deactivated,workbench,org.eclipse.ui.workbench,3.7.0.I20110519-0100,"",1332325208477
activated,workbench,org.eclipse.ui.workbench,3.7.0.I20110519-0100,"",1332325208582
deactivated,workbench,org.eclipse.ui.workbench,3.7.0.I20110519-0100,"",1332325209859
activated,workbench,org.eclipse.ui.workbench,3.7.0.I20110519-0100,"",1332325224484
executed,command,org.eclipse.jdt.ui,3.7.0.v20110531-1200,"org.eclipse.jdt.ui.navigate.open.type",1332325224494
activated,editor,org.eclipse.jdt.ui,3.7.0.v20110531-1200,"org.eclipse.jdt.ui.ClassFileEditor",1332325234799
closed,editor,org.eclipse.jdt.ui,3.7.0.v20110531-1200,"org.eclipse.jdt.ui.ClassFileEditor",1332325234799
activated,editor,org.eclipse.jdt.ui,3.7.0.v20110531-1200,"org.eclipse.jdt.ui.ClassFileEditor",1332325242328
closed,editor,org.eclipse.jdt.ui,3.7.0.v20110531-1200,"org.eclipse.jdt.ui.ClassFileEditor",1332325242328
opened,editor,org.eclipse.jdt.ui,3.7.0.v20110531-1200,"org.eclipse.jdt.ui.ClassFileEditor",1332325245968
activated,editor,org.eclipse.jdt.ui,3.7.0.v20110531-1200,"org.eclipse.jdt.ui.ClassFileEditor",1332325246013
executed,command,org.eclipse.ui,3.7.0.I20110602-0100,"org.eclipse.ui.navigate.backwardHistory",1332325246018
activated,editor,org.eclipse.jdt.ui,3.7.0.v20110531-1200,"org.eclipse.jdt.ui.ClassFileEditor",1332325252307
closed,editor,org.eclipse.jdt.ui,3.7.0.v20110531-1200,"org.eclipse.jdt.ui.ClassFileEditor",1332325252307
activated,editor,org.eclipse.jdt.ui,3.7.0.v20110531-1200,"org.eclipse.jdt.ui.ClassFileEditor",1332325254953
closed,editor,org.eclipse.jdt.ui,3.7.0.v20110531-1200,"org.eclipse.jdt.ui.ClassFileEditor",1332325254953
activated,editor,org.eclipse.jdt.ui,3.7.0.v20110531-1200,"org.eclipse.jdt.ui.ClassFileEditor",1332325267576
opened,editor,org.eclipse.jdt.ui,3.7.0.v20110531-1200,"org.eclipse.jdt.ui.ClassFileEditor",1332325274138
activated,editor,org.eclipse.jdt.ui,3.7.0.v20110531-1200,"org.eclipse.jdt.ui.ClassFileEditor",1332325274187
deactivated,workbench,org.eclipse.ui.workbench,3.7.0.I20110519-0100,"",1332325284787
activated,workbench,org.eclipse.ui.workbench,3.7.0.I20110519-0100,"",1332325284867
deactivated,workbench,org.eclipse.ui.workbench,3.7.0.I20110519-0100,"",1332325285040
activated,workbench,org.eclipse.ui.workbench,3.7.0.I20110519-0100,"",1332325286820
activated,editor,org.eclipse.jdt.ui,3.7.0.v20110531-1200,"org.eclipse.jdt.ui.ClassFileEditor",1332325286849
executed,command,org.eclipse.ui,3.7.0.I20110602-0100,"org.eclipse.ui.navigate.backwardHistory",1332325405449
opened,editor,org.eclipse.jdt.ui,3.7.0.v20110531-1200,"org.eclipse.jdt.ui.ClassFileEditor",1332325606282
